{
  "music_disc.lofi_30": {
    "sounds": [
      {
        "name": "records/music_disc_lofi_30",
        "stream": true
      }
    ]
  },
  "music_disc.rammstein1": {
    "sounds": [
      {
        "name": "records/music_disc_rammstein1",
        "stream": true
      }
    ]
  },
  "music_disc._osmosis2": {
    "sounds": [
      {
        "name": "records/music_disc__osmosis2",
        "stream": true
      }
    ]
  },
  "music_disc.it_s_tv_time_3": {
    "sounds": [
      {
        "name": "records/music_disc_it_s_tv_time_3",
        "stream": true
      }
    ]
  },
  "music_disc.survive4": {
    "sounds": [
      {
        "name": "records/music_disc_survive4",
        "stream": true
      }
    ]
  }
}