{
  "model": {
    "type": "select",
    "property": "custom_model_data",
    "fallback": {
      "type": "model",
      "model": "item/music_disc_13"
    },
    "cases": [
      {
        "when": "lofi_30",
        "model": {
          "type": "model",
          "model": "item/lofi_30"
        }
      },
      {
        "when": "rammstein1",
        "model": {
          "type": "model",
          "model": "item/rammstein1"
        }
      },
      {
        "when": "_osmosis2",
        "model": {
          "type": "model",
          "model": "item/_osmosis2"
        }
      }
    ]
  }
}